index,day,segment,game,start,end,vidCoeff,mobCoeff,reach
1,-1,OML,0,0,0,0,0,0
2,-1,OMH,0,0,0,0,0,0
3,-1,OFL,0,0,0,0,0,0
4,-1,OFH,0,0,0,0,0,0
5,-1,YML,0,0,0,0,0,0
6,-1,YMH,1,1,5,2.11127796285967,1.9625053103286134,1932
7,-1,YFL,0,0,0,0,0,0
8,-1,YFH,1,1,5,2.11127796285967,1.9625053103286134,1932
