index,day,segment,game,start,end,vidCoeff,mobCoeff,reach
1,-1,OML,0,0,0,0,0,0
2,-1,OMH,0,0,0,0,0,0
3,-1,OFL,1,1,5,2.0531938477762504,2.2669161744543675,10952
4,-1,OFH,0,0,0,0,0,0
5,-1,YML,0,0,0,0,0,0
6,-1,YMH,0,0,0,0,0,0
7,-1,YFL,1,1,5,2.0531938477762504,2.2669161744543675,10952
8,-1,YFH,0,0,0,0,0,0
