index,day,segment,game,start,end,vidCoeff,mobCoeff,reach
1,-1,OML,0,0,0,0,0,0
2,-1,OMH,0,0,0,0,0,0
3,-1,OFL,0,0,0,0,0,0
4,-1,OFH,1,1,5,2.3205450261734724,2.376467511102999,1657
5,-1,YML,0,0,0,0,0,0
6,-1,YMH,0,0,0,0,0,0
7,-1,YFL,0,0,0,0,0,0
8,-1,YFH,1,1,5,2.3205450261734724,2.376467511102999,1657
