index,day,segment,game,start,end,vidCoeff,mobCoeff,reach
1,-1,OML,1,1,5,2.174461422752217,2.2644463202924934,6507
2,-1,OMH,1,1,5,2.174461422752217,2.2644463202924934,6507
3,-1,OFL,0,0,0,0,0,0
4,-1,OFH,0,0,0,0,0,0
5,-1,YML,0,0,0,0,0,0
6,-1,YMH,0,0,0,0,0,0
7,-1,YFL,0,0,0,0,0,0
8,-1,YFH,0,0,0,0,0,0
