index,day,segment,game,start,end,vidCoeff,mobCoeff,reach
1,-1,OML,0,0,0,0,0,0
2,-1,OMH,0,0,0,0,0,0
3,-1,OFL,0,0,0,0,0,0
4,-1,OFH,0,0,0,0,0,0
5,-1,YML,0,0,0,0,0,0
6,-1,YMH,0,0,0,0,0,0
7,-1,YFL,1,1,5,2.6827626035712733,1.6066030773493054,5590
8,-1,YFH,1,1,5,2.6827626035712733,1.6066030773493054,5590
